Date,Position,"LastName, FirstName",FD PTS,Salary,Team,Opp Team,Score,Min,Statline
2019-11-20,PG,"Doncic, Luka",67.5,"11,500",dal,v gsw, 142-94,25:30,   35pt 10rb 11as 3st 5to 6trey 11-18fg 7-8ft
2019-11-20,PG,"Beverley, Patrick",56.7,"4,900",lac,v bos, 107-104,40:41,   14pt 16rb 7as 3st 2bl 2to 4trey 5-11fg
2019-11-20,PG,"Simmons, Ben",50.9,"8,300",phi,v nyk, 109-104,41:46,   18pt 7rb 13as 1st 1bl 1to 1trey 7-9fg 3-4ft
2019-11-20,SG,"Butler, Jimmy",49.5,"9,500",mia,v cle, 124-100,32:26,   21pt 5rb 5as 2st 4bl 3to 2trey 3-16fg 13-13ft
2019-11-20,PG,"Young, Trae",47.4,"9,700",atl,v mil, 127-135,33:02,   25pt 2rb 8as 3st 1to 1trey 8-22fg 8-10ft
2019-11-20,SG,"Harden, James",46.9,"11,700",hou,@ den, 95-105,37:06,   27pt 7rb 7as 3st 8to 4trey 8-16fg 7-10ft
2019-11-20,PG,"Harrison, Shaquille",45.7,"3,500",chi,v det, 109-89,26:17,   15pt 11rb 5as 3st 1bl 2to 1trey 7-12fg 0-2ft
2019-11-20,SG,"DeRozan, DeMar",45.3,"8,000",sas,@ was, 132-138,39:53,   31pt 4rb 5as 1bl 1to 9-13fg 13-17ft
2019-11-20,PG,"Bledsoe, Eric",40.9,"7,300",mil,@ atl, 135-127,25:02,   28pt 7rb 5as 1bl 6to 3trey 8-17fg 9-11ft
2019-11-20,SG,"Dinwiddie, Spencer",40.8,"7,300",bkn,v cha, 101-91,36:50,   20pt 4rb 8as 2st 2to 2trey 7-18fg 4-4ft
2019-11-20,SG,"Forbes, Bryn",40.3,"4,300",sas,@ was, 132-138,33:00,   19pt 4rb 7as 2st 3trey 6-14fg 4-5ft
2019-11-20,SG,"Beal, Bradley",39.8,"9,900",was,v sas, 138-132,38:07,   33pt 4rb 4as 4to 3trey 14-24fg 2-2ft
2019-11-20,SG,"VanVleet, Fred",38.7,"7,900",tor,v orl, 113-97,34:46,   24pt 1rb 7as 2st 3to 1trey 10-19fg 3-4ft
2019-11-20,SG,"Mitchell, Donovan",38.4,"8,300",uta,@ min, 103-95,37:37,   26pt 7rb 2as 1bl 2to 5trey 9-24fg 3-3ft
2019-11-20,PG,"Conley, Mike",38.2,"6,700",uta,@ min, 103-95,30:51,   16pt 6rb 8as 1st 2trey 6-12fg 2-2ft
2019-11-20,SG,"Davis, Terence",38.1,"4,000",tor,v orl, 113-97,27:03,   19pt 8rb 5as 1bl 1to 3trey 7-10fg 2-2ft
2019-11-20,PG,"Murray, Jamal",37.7,"7,400",den,v hou, 105-95,33:25,   10pt 1rb 9as 6st 5to 2trey 4-16fg
2019-11-20,SG,"Smart, Marcus",36.6,"6,300",bos,@ lac, 104-107,40:05,   15pt 3rb 8as 2st 1trey 7-20fg
2019-11-20,SG,"Fournier, Evan",33.9,"6,100",orl,@ tor, 97-113,27:51,   21pt 2rb 3as 3st 3to 3trey 7-15fg 4-5ft
2019-11-20,PG,"Westbrook, Russell",33.9,"9,600",hou,@ den, 95-105,34:53,   25pt 2rb 5as 1to 2trey 8-22fg 7-9ft
2019-11-20,PG,"Smith, Ishmael",33.8,"3,900",was,v sas, 138-132,23:50,   21pt 4rb 4as 1bl 1to 3trey 9-12fg 0-1ft
2019-11-20,PG,"Satoransky, Tomas",33.3,"4,800",chi,v det, 109-89,26:10,   15pt 4rb 7as 2st 3to 3trey 6-11fg
2019-11-20,SG,"Wiggins, Andrew",31.9,"8,700",min,v uta, 95-103,34:09,   22pt 7rb 3as 3to 1trey 10-24fg 1-3ft
2019-11-20,SG,"Williams, Louis",31.4,"6,800",lac,v bos, 107-104,36:40,   27pt 2rb 2as 2st 7to 3trey 10-21fg 4-4ft
2019-11-20,SG,"Robinson, Duncan",31.4,"3,600",mia,v cle, 124-100,34:07,   29pt 2rb 9trey 9-15fg 2-2ft
2019-11-20,PG,"Murray, Dejounte",30,"6,400",sas,@ was, 132-138,19:23,   15pt 5rb 2as 3st 3to 1trey 7-11fg
2019-11-20,PG,"Mills, Patty",29.2,"3,600",sas,@ was, 132-138,30:07,   16pt 1rb 6as 2st 3to 4trey 6-10fg
2019-11-20,PG,"Dragic, Goran",28.8,"5,800",mia,v cle, 124-100,26:22,   13pt 4rb 6as 1bl 1to 1trey 6-13fg
2019-11-20,SG,"Craig, Torrey",28.7,"3,500",den,v hou, 105-95,18:56,   8pt 1rb 3as 2st 3bl 4-6fg 0-3ft
2019-11-20,PG,"Brunson, Jalen",26.5,"3,700",dal,v gsw, 142-94,22:30,   15pt 5rb 5as 2to 1trey 6-6fg 2-2ft
2019-11-20,PG,"Sexton, Collin",26.4,"5,700",cle,@ mia, 100-124,27:05,   19pt 2rb 2st 1to 1trey 8-16fg 2-3ft
2019-11-20,SG,"Barrett, RJ",25.9,"6,900",nyk,@ phi, 104-109,35:48,   8pt 7rb 3as 2st 1bl 4to 4-12fg
2019-11-20,SG,"DiVincenzo, Donte",25.5,"5,000",mil,@ atl, 135-127,24:34,   11pt 5rb 3as 2st 2to 2trey 4-9fg 1-2ft
2019-11-20,PG,"Wanamaker, Brad",25.1,"4,000",bos,@ lac, 104-107,27:11,   14pt 3rb 5as 1st 3to 2trey 4-8fg 4-4ft
2019-11-20,SG,"Herro, Tyler",25.1,"4,500",mia,v cle, 124-100,30:58,   22pt 3rb 3as 5to 4trey 9-13fg
2019-11-20,PG,"Teague, Jeff",24.8,"6,400",min,v uta, 95-103,33:40,   12pt 4rb 6as 1to 1trey 2-9fg 7-11ft
2019-11-20,SG,"Graham, Devonte",24.6,"7,100",cha,@ bkn, 91-101,38:15,   17pt 3rb 6as 5to 4trey 5-16fg 3-4ft
2019-11-20,PG,"Rose, Derrick",24.6,"5,300",det,@ chi, 89-109,24:26,   18pt 3rb 2as 1st 3to 5-11fg 8-9ft
2019-11-20,PG,"Rozier, Terry",24.2,"6,900",cha,@ bkn, 91-101,32:31,   18pt 6rb 2as 4to 2trey 5-14fg 6-7ft
2019-11-20,PG,"Fultz, Markelle",24,"4,800",orl,@ tor, 97-113,25:34,   12pt 4as 2st 6-14fg
2019-11-20,PG,"Walker, Kemba",23.8,"7,900",bos,@ lac, 104-107,38:44,   13pt 9rb 2as 1st 6to 3trey 4-17fg 2-3ft
2019-11-20,PG,"Bowman, Ky",23.2,"5,300",gsw,@ dal, 94-142,32:01,   16pt 1rb 2as 1st 2trey 7-10fg
2019-11-20,SG,"Monk, Malik",23.1,"4,500",cha,@ bkn, 91-101,27:51,   13pt 3rb 1as 2st 1to 1trey 5-13fg 2-2ft
2019-11-20,PG,"Dunn, Kris",22.1,"5,100",chi,v det, 109-89,21:49,   6pt 3rb 5as 1st 1bl 1to 3-7fg
2019-11-20,SG,"Brown, Bruce",22,"5,100",det,@ chi, 89-109,29:51,   2pt 5rb 6as 2bl 1to 1-6fg 0-4ft
2019-11-20,SG,"Poole, Jordan",21.7,"3,800",gsw,@ dal, 94-142,30:04,   11pt 1rb 7as 1to 5-14fg 1-2ft
2019-11-20,SG,"Ross, Terrence",21.4,"4,600",orl,@ tor, 97-113,27:03,   14pt 2rb 1st 1bl 1to 3trey 5-12fg 1-2ft
2019-11-20,PG,"Nunn, Kendrick",20.4,"5,800",mia,v cle, 124-100,25:21,   11pt 2rb 6as 1st 5to 1trey 5-7fg
2019-11-20,PG,"Ntilikina, Frank",20.2,"4,300",nyk,@ phi, 104-109,32:54,   17pt 1rb 1bl 1to 2trey 6-8fg 3-4ft
2019-11-20,SG,"Matthews, Wes",19.9,"3,500",mil,@ atl, 135-127,27:37,   10pt 2rb 3as 1st 2trey 4-8fg
2019-11-20,SG,"Bembry, DeAndre",19.6,"4,500",atl,v mil, 127-135,23:45,   2pt 3rb 2as 2st 2bl 1to 1-2fg
2019-11-20,SG,"Lee, Courtney",19.5,"3,500",dal,v gsw, 142-94,12:00,   12pt 1as 2bl 4trey 4-5fg
2019-11-20,PG,"White, Coby",19.5,"5,800",chi,v det, 109-89,22:30,   12pt 5rb 1as 3trey 3-7fg 3-3ft
2019-11-20,SG,"Harris, Gary",18.9,"5,200",den,v hou, 105-95,35:06,   10pt 2rb 3as 1st 1to 2trey 4-9fg
2019-11-20,SG,"Powell, Norman",18.2,"4,900",tor,v orl, 113-97,37:32,   15pt 1rb 2as 1to 1trey 7-11fg
2019-11-20,PG,"Thomas, Isaiah",18,"5,800",was,v sas, 138-132,23:55,   11pt 6as 2to 3trey 4-10fg
2019-11-20,SG,"Clarkson, Jordan",17.8,"4,500",cle,@ mia, 100-124,17:10,   12pt 4rb 2as 2to 1trey 4-11fg 3-3ft
2019-11-20,SG,"Brown, Sterling",17.8,"4,100",mil,@ atl, 135-127,19:38,   8pt 4rb 2as 1bl 1to 2trey 2-4fg 2-2ft
2019-11-20,SG,"Bacon, Dwayne",17.7,"3,600",cha,@ bkn, 91-101,13:57,   6pt 1rb 1as 2st 1bl 2-4fg 2-2ft
2019-11-20,PG,"Hill, George",17.6,"4,000",mil,@ atl, 135-127,23:00,   9pt 3rb 4as 1to 1trey 3-6fg 2-2ft
2019-11-20,SG,"Connaughton, Pat",17.2,"3,500",mil,@ atl, 135-127,15:56,   7pt 1rb 2as 2bl 1trey 3-4fg
2019-11-20,PG,"Augustin, DJ",15.9,"4,500",orl,@ tor, 97-113,26:48,   4pt 2rb 5as 1st 1to 1trey 1-9fg 1-2ft
2019-11-20,SG,"McRae, Jordan",15.4,"3,500",was,v sas, 138-132,13:18,   8pt 2rb 2as 1bl 1to 3-4fg 2-3ft
2019-11-20,SG,"Galloway, Langston",15.1,"5,000",det,@ chi, 89-109,39:58,   13pt 3rb 1as 3to 3trey 3-12fg 4-4ft
2019-11-20,PG,"Arcidiacono, Ryan",14.6,"3,700",chi,v det, 109-89,20:57,   9pt 3rb 2as 1to 2trey 3-6fg 1-2ft
2019-11-20,PG,"Rivers, Austin",14.4,"3,700",hou,@ den, 95-105,27:46,   7pt 2rb 2st 1to 1trey 2-6fg 2-2ft
2019-11-20,PG,"Jr, Dennis",14,"3,500",nyk,@ phi, 104-109,15:06,   13pt 2as 2to 2trey 5-9fg 1-1ft
2019-11-20,SG,"Turner, Evan",13.9,"3,800",atl,v mil, 127-135,14:58,   7pt 2rb 3as 3-6fg 1-1ft
2019-11-20,SG,"Wright, Delon",13.5,"4,900",dal,v gsw, 142-94,15:43,   6pt 3as 1st 2-5fg 2-5ft
2019-11-20,PG,"Garland, Darius",13.5,"4,200",cle,@ mia, 100-124,24:31,   10pt 3as 1st 4to 2trey 4-12fg
2019-11-20,PG,"Burke, Trey",13.2,"4,200",phi,v nyk, 109-104,14:50,   9pt 1rb 2as 1trey 3-6fg 2-2ft
2019-11-20,SG,"Belinelli, Marco",13.2,"3,500",sas,@ was, 132-138,13:30,   10pt 1rb 2as 1to 2trey 4-9fg
2019-11-20,SG,"Graham, Treveon",13,"3,500",min,v uta, 95-103,19:05,   8pt 5rb 1to 2trey 3-9fg
2019-11-20,SG,"Crabbe, Allen",12.9,"3,600",atl,v mil, 127-135,19:38,   10pt 2rb 1as 1to 2trey 2-6fg 4-5ft
2019-11-20,SG,"Temple, Garrett",12.8,"4,400",bkn,v cha, 101-91,30:30,   4pt 4rb 2as 1bl 2to 1trey 1-7fg 1-2ft
2019-11-20,SG,"LaVine, Zach",12.6,"7,400",chi,v det, 109-89,27:47,   5pt 3rb 4as 2to 1trey 2-11fg
2019-11-20,SG,"McLemore, Ben",12.5,"3,800",hou,@ den, 95-105,16:23,   6pt 1as 1st 1bl 1to 2trey 2-8fg
2019-11-20,SG,"Pinson, Theo",11.5,"3,500",bkn,v cha, 101-91,15:38,   5pt 1as 2st 1to 1trey 1-4fg 2-2ft
2019-11-20,SG,"Dotson, Damyean",10.1,"3,500",nyk,@ phi, 104-109,19:34,   2pt 3rb 1as 1bl 1-6fg
2019-11-20,PG,"Mudiay, Emmanuel",10,"3,700",uta,@ min, 103-95,15:35,   2pt 5rb 1st 1to 1-7fg
2019-11-20,PG,"Morris, Monte",9.8,"4,000",den,v hou, 105-95,14:35,   3pt 4rb 2as 1to 1-5fg 1-2ft
2019-11-20,SG,"Shumpert, Iman",8.4,"3,500",bkn,v cha, 101-91,19:08,   4pt 2rb 1st 1to 2-8fg
2019-11-20,PG,"Milton, Shake",7.8,"3,500",phi,v nyk, 109-104,16:51,   6pt 4rb 3to 3-6fg
2019-11-20,PG,"Clemons, Chris",6.9,"3,900",hou,@ den, 95-105,8:41,   4pt 2rb 1as 1to 1trey 1-2fg 1-2ft
2019-11-20,PG,"Magette, Josh",5.7,"3,500",orl,@ tor, 97-113,2:04,   0pt 1rb 1as 1st 0-1fg
2019-11-20,PG,"Dellavedova, Matthew",5.5,"3,500",cle,@ mia, 100-124,21:07,   0pt 5as 2to 0-3fg
2019-11-20,SG,"Korver, Kyle",5.2,"3,500",mil,@ atl, 135-127,12:05,   6pt 1rb 2to 2trey 2-6fg
2019-11-20,SG,"Mykhailiuk, Sviatoslav",4.5,"3,500",det,@ chi, 89-109,14:39,   3pt 1as 1trey 1-1fg
2019-11-20,SG,"McGruder, Rodney",3.9,"3,500",lac,v bos, 107-104,14:35,   0pt 2rb 1as 0-4fg
2019-11-20,SG,"Korkmaz, Furkan",2.5,"3,800",phi,v nyk, 109-104,16:15,   2pt 1as 1to 1-5fg
2019-11-20,SG,"Mann, Terance",0,"3,500",lac,v bos, 107-104,00:55,   0pt
2019-11-20,PG,"Robinson, Jerome",0,"3,500",lac,v bos, 107-104,1:10,   0pt
2019-11-20,PG,"Exum, Dante",0,"3,500",uta,@ min, 103-95,7:54,   0pt 0-1fg
2019-11-20,SG,"Thomas, Matt",0,"3,500",tor,v orl, 113-97,2:21,   0pt 0-1fg
2019-11-20,SG,"III, Jacob",0,"3,500",gsw,@ dal, 94-142,0,   
2019-11-20,SG,"Green, Javonte",0,"3,500",bos,@ lac, 104-107,0,   
2019-11-20,PG,"Edwards, Carsen",0,"3,600",bos,@ lac, 104-107,0,   
2019-11-20,PG,"Frazier, Tim",0,"3,500",det,@ chi, 89-109,0,   
2019-11-20,PG,"Wallace, Tyrone",0,"3,500",atl,v mil, 127-135,0,   
2019-11-20,SG,"Walker, Lonnie",0,"3,500",sas,@ was, 132-138,0,   
2019-11-20,SG,"Luwawu, Timothe",0,"3,500",bkn,v cha, 101-91,0,   
2019-11-20,PG,"Foreman, Justin",0,"3,500",uta,@ min, 103-95,0,   
2019-11-20,SG,"Russell, D",0,"8,800",gsw,@ dal, 94-142,0,   
2019-11-20,SG,"Ellington, Wayne",0,"3,500",nyk,@ phi, 104-109,0,   
2019-11-20,SG,"Trier, Allonzo",0,"3,500",nyk,@ phi, 104-109,0,   
2019-11-20,PG,"Neto, Raul",0,"3,900",phi,v nyk, 109-104,0,   
2019-11-20,PG,"Robinson, Justin",0,"3,500",was,v sas, 138-132,0,   
2019-11-20,SG,"Beasley, Malik",0,"3,500",den,v hou, 105-95,0,   
2019-11-20,SG,"Snell, Tony",0,"3,800",det,@ chi, 89-109,0,   
2019-11-20,PG,"Barea, Jose",0,"3,500",dal,v gsw, 142-94,0,   
2019-11-20,PG,"Napier, Shabazz",0,"3,900",min,v uta, 95-103,0,   
2019-11-20,SG,"Nwaba, David",0,"3,500",bkn,v cha, 101-91,0,   
2019-11-20,SG,"Martin, Cody",0,"3,500",cha,@ bkn, 91-101,0,   
2019-11-20,PG,"III, Frank",0,"3,500",mil,@ atl, 135-127,0,   
2019-11-20,PG,"Jackson, Reggie",0,"4,600",det,@ chi, 89-109,0,   
2019-11-20,PG,"Irving, Kyrie",0,"9,600",bkn,v cha, 101-91,0,   
2019-11-20,SG,"Reynolds, Cameron",0,"3,500",mil,@ atl, 135-127,0,   
2019-11-20,PG,"Curry, Seth",0,"3,700",dal,v gsw, 142-94,0,   
2019-11-20,SG,"Richardson, Josh",0,"6,300",phi,v nyk, 109-104,0,   0pt
2019-11-20,PG,"White, Derrick",0,"4,800",sas,@ was, 132-138,0,   
2019-11-20,PG,"Jr, Derrick",0,"3,500",lac,v bos, 107-104,0,   
2019-11-20,SG,"Bullock, Reggie",0,"3,900",nyk,@ phi, 104-109,0,   
2019-11-20,SG,"Cleveland, Antonius",0,"3,500",dal,v gsw, 142-94,0,   
2019-11-20,PG,"Goss, Nigel",0,"3,500",uta,@ min, 103-95,0,   
2019-11-20,SG,"Oni, Miye",0,"3,500",uta,@ min, 103-95,0,   
2019-11-20,SG,"McCaw, Patrick",0,"3,500",tor,v orl, 113-97,0,   
2019-11-20,SG,"Windler, Dylan",0,"3,500",cle,@ mia, 100-124,0,   
2019-11-20,SG,"Brown, Charlie",0,"3,500",atl,v mil, 127-135,0,   
2019-11-20,SG,"Allen, Kadeem",0,"3,500",nyk,@ phi, 104-109,0,   
2019-11-20,SG,"Lee, Damion",0,"3,600",gsw,@ dal, 94-142,0,   
2019-11-20,SG,"Smith, Zhaire",0,"3,500",phi,v nyk, 109-104,0,   
2019-11-20,PG,"Payton, Elfrid",0,"4,300",nyk,@ phi, 104-109,0,   
2019-11-20,SG,"LeVert, Caris",0,"6,200",bkn,v cha, 101-91,0,   
2019-11-20,PG,"Curry, Stephen",0,"3,500",gsw,@ dal, 94-142,0,   
2019-11-20,PG,"Macon, Daryl",0,"3,500",mia,v cle, 124-100,0,   
2019-11-20,SG,"Dozier, PJ",0,"3,500",den,v hou, 105-95,0,   
2019-11-20,SG,"Thomas, Khyri",0,"3,500",det,@ chi, 89-109,0,   
2019-11-20,SG,"Middleton, Khris",0,"6,500",mil,@ atl, 135-127,0,   
2019-11-20,SG,"Reaves, Josh",0,"3,500",dal,v gsw, 142-94,0,   
2019-11-20,PG,"Lowry, Kyle",0,"8,300",tor,v orl, 113-97,0,   
2019-11-20,PG,"McLaughlin, Jordan",0,"3,500",min,v uta, 95-103,0,   
2019-11-20,PG,"Bone, Jordan",0,"3,500",det,@ chi, 89-109,0,   
2019-11-20,SG,"Weatherspoon, Quinndary",0,"3,500",sas,@ was, 132-138,0,   
2019-11-20,SG,"Mokoka, Adam",0,"3,500",chi,v det, 109-89,0,   
2019-11-20,PG,"Shamet, Landry",0,"3,800",lac,v bos, 107-104,0,   
2019-11-20,PG,"Chiozza, Chris",0,"3,500",was,v sas, 138-132,0,   
2019-11-20,PG,"Goodwin, Brandon",0,"3,500",atl,v mil, 127-135,0,   
2019-11-20,PG,"Nowell, Jaylen",0,"3,500",min,v uta, 95-103,0,   
2019-11-20,SG,"Huerter, Kevin",0,"4,700",atl,v mil, 127-135,0,   
2019-11-20,PG,"Ponds, Shamorie",0,"3,500",tor,v orl, 113-97,0,   
2019-11-20,SG,"Langford, Romeo",0,"3,500",bos,@ lac, 104-107,0,   
2019-11-20,PG,"Williams, Michael",0,"3,500",orl,@ tor, 97-113,0,   
2019-11-20,SG,"Mathews, Garrison",0,"3,500",was,v sas, 138-132,0,   
2019-11-20,PG,"Simmons, Kobi",0,"3,500",cha,@ bkn, 91-101,0,   
2019-11-20,SG,"Shayok, Marial",0,"3,500",phi,v nyk, 109-104,0,   
2019-11-20,PG,"Knight, Brandon",0,"3,500",cle,@ mia, 100-124,0,   
2019-11-20,PG,"Waters, Tremont",0,"3,500",bos,@ lac, 104-107,0,   
2019-11-20,SF,"Antetokounmpo, Giannis",54.2,"12,100",mil,@ atl, 135-127,30:09,   33pt 11rb 4as 1st 1bl 4to 1trey 12-17fg 8-13ft
2019-11-20,PF,"Tatum, Jayson",50.7,"7,700",bos,@ lac, 104-107,40:35,   30pt 6rb 3as 2st 2bl 3to 5trey 12-24fg 1-2ft
2019-11-20,SF,"Morris, Marcus",50.6,"6,000",nyk,@ phi, 104-109,40:05,   22pt 13rb 6as 2st 2to 4trey 8-21fg 2-2ft
2019-11-20,SF,"Isaac, Jonathan",47.1,"6,700",orl,@ tor, 97-113,33:38,   16pt 13rb 3as 1st 3bl 1to 6-15fg 4-6ft
2019-11-20,PF,"Allen, Jarrett",46.4,"6,600",bkn,v cha, 101-91,27:34,   22pt 17rb 2st 2to 9-12fg 4-6ft
2019-11-20,SF,"Hunter, De",42.2,"4,500",atl,v mil, 127-135,28:32,   27pt 11rb 2as 1to 3trey 8-12fg 8-9ft
2019-11-20,PF,"Theis, Daniel",41.8,"4,500",bos,@ lac, 104-107,31:05,   8pt 14rb 6as 3st 1to 4-8fg
2019-11-20,SF,"George, Paul",41,"8,300",lac,v bos, 107-104,37:28,   25pt 5rb 8as 1bl 5to 4trey 8-18fg 5-6ft
2019-11-20,SF,"Siakam, Pascal",40.2,"9,400",tor,v orl, 113-97,34:38,   18pt 11rb 4as 1st 1bl 3to 1trey 7-18fg 3-4ft
2019-11-20,PF,"Love, Kevin",39.6,"8,000",cle,@ mia, 100-124,33:17,   25pt 13rb 2as 4to 5trey 8-14fg 4-4ft
2019-11-20,PF,"Aldridge, LaMarcus",39.5,"7,800",sas,@ was, 132-138,32:15,   12pt 10rb 5as 3bl 1to 6-15fg
2019-11-20,SF,"Bogdanovic, Bojan",39.3,"6,100",uta,@ min, 103-95,36:06,   30pt 4rb 3as 1st 3to 6trey 9-18fg 6-7ft
2019-11-20,PF,"Markkanen, Lauri",39.2,"6,400",chi,v det, 109-89,29:05,   24pt 6rb 1st 2bl 1to 3trey 7-14fg 7-11ft
2019-11-20,SF,"Nance, Larry",38.8,"5,300",cle,@ mia, 100-124,34:57,   16pt 9rb 2as 2st 1bl 2trey 6-12fg 2-2ft
2019-11-20,PF,"Leonard, Kawhi",38.7,"10,000",lac,v bos, 107-104,37:37,   17pt 6rb 3as 3st 2bl 5to 3trey 7-20fg
2019-11-20,PF,"Randle, Julius",36.6,"7,400",nyk,@ phi, 104-109,35:31,   17pt 8rb 2as 3st 2to 2trey 5-13fg 5-8ft
2019-11-20,SF,"Prince, Taurean",35.6,"5,000",bkn,v cha, 101-91,32:51,   20pt 8rb 4as 1st 3to 4trey 6-15fg 4-5ft
2019-11-20,PF,"Porzingis, Kristaps",35,"8,200",dal,v gsw, 142-94,24:09,   14pt 10rb 2as 2bl 2trey 6-14fg
2019-11-20,PF,"Adebayo, Bam",34.9,"8,100",mia,v cle, 124-100,29:54,   13pt 7rb 3as 4st 3to 5-5fg 3-6ft
2019-11-20,PF,"Wood, Christian",34.5,"4,200",det,@ chi, 89-109,18:20,   12pt 10rb 1as 3bl 5-9fg 2-2ft
2019-11-20,PF,"Millsap, Paul",33.2,"6,600",den,v hou, 105-95,28:25,   11pt 6rb 2as 3st 1bl 4-7fg 3-4ft
2019-11-20,SF,"Bertans, Davis",33,"4,400",was,v sas, 138-132,29:28,   21pt 5rb 4as 1st 3to 4trey 7-11fg 3-3ft
2019-11-20,PF,"Chriss, Marquese",32,"3,800",gsw,@ dal, 94-142,26:56,   11pt 5rb 2as 2st 2bl 3-11fg 5-8ft
2019-11-20,PF,"Boucher, Chris",31.7,"4,900",tor,v orl, 113-97,20:24,   14pt 11rb 1as 1bl 5-10fg 4-4ft
2019-11-20,PF,"Paschall, Eric",31.4,"5,900",gsw,@ dal, 94-142,40:05,   22pt 7rb 1st 2to 1trey 8-19fg 5-9ft
2019-11-20,SF,"Barton, Will",30.9,"6,700",den,v hou, 105-95,25:52,   15pt 7rb 3as 1st 1trey 7-12fg
2019-11-20,PF,"Covington, Robert",29.6,"6,100",min,v uta, 95-103,30:41,   11pt 3rb 2st 3bl 1trey 4-5fg 2-5ft
2019-11-20,SF,"Gay, Rudy",29.5,"5,300",sas,@ was, 132-138,28:29,   18pt 5rb 3as 1bl 2to 2trey 6-11fg 4-4ft
2019-11-20,SF,"Bridges, Miles",27,"5,400",cha,@ bkn, 91-101,33:16,   12pt 5rb 2st 1bl 2trey 5-13fg
2019-11-20,PF,"Griffin, Blake",26.1,"7,900",det,@ chi, 89-109,29:48,   16pt 8rb 1as 1st 4to 1trey 4-15fg 7-9ft
2019-11-20,PF,"Parker, Jabari",26.1,"7,100",atl,v mil, 127-135,26:40,   14pt 3rb 3as 2st 2to 2trey 6-11fg
2019-11-20,PF,"Hachimura, Rui",25.4,"5,600",was,v sas, 138-132,25:27,   15pt 7rb 2as 1to 5-10fg 5-6ft
2019-11-20,PF,"Horford, Al",25.2,"7,200",phi,v nyk, 109-104,25:08,   7pt 6rb 2as 2st 1bl 1to 1trey 3-11fg
2019-11-20,SF,"Jr, Tim",25,"3,600",dal,v gsw, 142-94,22:05,   20pt 4as 1to 4trey 6-7fg 4-5ft
2019-11-20,SF,"Harris, Tobias",24.8,"7,400",phi,v nyk, 109-104,31:55,   14pt 4rb 4as 2trey 5-13fg 2-4ft
2019-11-20,SF,"Burks, Alec",22.8,"6,200",gsw,@ dal, 94-142,28:39,   11pt 4rb 4as 1st 2to 1trey 3-11fg 4-4ft
2019-11-20,SF,"Kennard, Luke",22.2,"6,300",det,@ chi, 89-109,38:26,   14pt 1rb 4as 1st 2to 2trey 4-15fg 4-4ft
2019-11-20,SF,"Ennis, James",21.8,"3,600",phi,v nyk, 109-104,21:37,   11pt 4rb 2as 1bl 2trey 4-7fg 1-2ft
2019-11-20,SF,"Martin, Kelan",21.4,"3,600",min,v uta, 95-103,24:42,   10pt 7rb 1bl 2trey 4-8fg
2019-11-20,SF,"Reddish, Cam",21.1,"4,700",atl,v mil, 127-135,28:17,   17pt 3rb 1as 1st 4to 3trey 6-10fg 2-4ft
2019-11-20,PF,"Neale, Royce",20.7,"3,900",uta,@ min, 103-95,29:18,   3pt 6rb 3as 2st 1trey 1-3fg 0-2ft
2019-11-20,PF,"Spellman, Omari",20.7,"3,500",gsw,@ dal, 94-142,28:25,   11pt 6rb 1as 1bl 2to 3trey 4-11fg
2019-11-20,SF,"Jr, Troy",20,"3,900",was,v sas, 138-132,19:34,   5pt 5rb 4as 1st 1trey 2-3fg
2019-11-20,PF,"Green, JaMychal",19.6,"4,000",lac,v bos, 107-104,17:55,   10pt 8rb 2trey 4-5fg
2019-11-20,SF,"Ingles, Joe",18.8,"4,400",uta,@ min, 103-95,27:13,   3pt 4rb 4as 2st 1to 1-4fg 1-2ft
2019-11-20,PF,"Scott, Mike",18.8,"3,500",phi,v nyk, 109-104,23:30,   12pt 4rb 1bl 1to 4trey 4-8fg
2019-11-20,PF,"Grant, Jerami",18.6,"4,500",den,v hou, 105-95,19:35,   9pt 8rb 1trey 4-10fg 0-1ft
2019-11-20,SF,"Jackson, Justin",18.4,"3,500",dal,v gsw, 142-94,29:26,   7pt 2rb 2as 2bl 1trey 3-7fg
2019-11-20,SF,"Harris, Joe",18.3,"4,800",bkn,v cha, 101-91,37:28,   8pt 4rb 3as 1st 2to 2trey 3-12fg
2019-11-20,SF,"Musa, Dzanan",17.9,"3,500",bkn,v cha, 101-91,19:35,   4pt 7rb 1as 2st 2to 2-9fg
2019-11-20,SF,"Brown, Jaylen",17.7,"7,300",bos,@ lac, 104-107,39:11,   9pt 6rb 1as 1st 3to 1trey 3-14fg 2-4ft
2019-11-20,PF,"Broekhoff, Ryan",17.3,"3,500",dal,v gsw, 142-94,12:00,   9pt 4rb 1as 1st 1to 3trey 3-5fg
2019-11-20,SF,"Thybulle, Matisse",16.9,"3,500",phi,v nyk, 109-104,14:29,   7pt 2rb 1as 2st 1trey 2-5fg 2-2ft
2019-11-20,PF,"Birch, Khem",16.8,"3,500",orl,@ tor, 97-113,21:17,   12pt 4rb 5-7fg 2-3ft
2019-11-20,SF,"Culver, Jarrett",16.8,"3,900",min,v uta, 95-103,23:51,   10pt 4rb 1st 1to 2trey 4-14fg
2019-11-20,SF,"Porter, Kevin",16.7,"4,000",cle,@ mia, 100-124,22:58,   7pt 1rb 3as 2st 2to 1trey 3-6fg
2019-11-20,PF,"Gibson, Taj",16.3,"3,800",nyk,@ phi, 104-109,13:40,   11pt 4rb 1as 1to 1trey 5-6fg
2019-11-20,SF,"Carter, Vince",16.2,"3,600",atl,v mil, 127-135,23:46,   13pt 1rb 2as 1to 3trey 5-13fg
2019-11-20,PF,"Jefferson, Rondae",16,"5,100",tor,v orl, 113-97,26:45,   6pt 5rb 2as 1st 2to 3-6fg 0-3ft
2019-11-20,SF,"Anunoby, OG",15.8,"5,900",tor,v orl, 113-97,23:05,   9pt 4rb 1bl 1to 1trey 3-6fg 2-2ft
2019-11-20,SF,"Hernangomez, Juan",15.2,"3,600",den,v hou, 105-95,16:06,   8pt 6rb 1trey 3-6fg 1-2ft
2019-11-20,SF,"McKinnie, Alfonzo",14.7,"3,600",cle,@ mia, 100-124,15:07,   0pt 1rb 1as 3st 1bl 0-3fg
2019-11-20,PF,"Fernando, Bruno",14.5,"3,500",atl,v mil, 127-135,12:53,   4pt 5rb 3as 2-4fg
2019-11-20,PF,"Green, Jeff",14.1,"3,700",uta,@ min, 103-95,15:27,   10pt 3rb 1as 1to 3-8fg 4-6ft
2019-11-20,SF,"Iwundu, Wes",13.8,"3,500",orl,@ tor, 97-113,12:11,   7pt 4rb 2as 1to 1-2fg 5-6ft
2019-11-20,SF,"III, Glenn",13.5,"4,900",gsw,@ dal, 94-142,28:21,   5pt 5rb 1as 1st 2to 1trey 2-7fg
2019-11-20,PF,"Washington, PJ",13.3,"5,500",cha,@ bkn, 91-101,12:02,   5pt 4rb 1as 1st 1to 2-4fg 1-3ft
2019-11-20,SF,"Smith, Dorian",12.8,"4,200",dal,v gsw, 142-94,18:34,   5pt 4rb 2as 2-4fg 1-1ft
2019-11-20,SF,"Osman, Cedi",12.7,"4,000",cle,@ mia, 100-124,22:09,   3pt 1rb 1as 3st 2to 1-6fg 1-2ft
2019-11-20,SF,"Batum, Nicolas",12.5,"4,400",cha,@ bkn, 91-101,25:37,   3pt 5rb 3as 1to 1trey 1-1fg
2019-11-20,PF,"Young, Thaddeus",12.4,"4,600",chi,v det, 109-89,17:28,   9pt 2rb 1st 2to 1trey 4-12fg
2019-11-20,SF,"Okogie, Josh",12.2,"4,500",min,v uta, 95-103,21:46,   4pt 1rb 2as 1st 1bl 2to 2-6fg
2019-11-20,SF,"Miles, CJ",12,"3,800",was,v sas, 138-132,18:21,   0pt 2as 2st 1bl 0-3fg
2019-11-20,PF,"Kleber, Maxi",11.7,"4,800",dal,v gsw, 142-94,13:46,   3pt 6rb 1as 1trey 1-8fg
2019-11-20,SF,"House, Danuel",10.9,"5,500",hou,@ den, 95-105,20:46,   5pt 2rb 3as 1to 1trey 1-4fg 2-2ft
2019-11-20,SF,"Morris, Markieff",10.7,"3,800",det,@ chi, 89-109,5:28,   5pt 1rb 1as 1st 1trey 2-4fg
2019-11-20,SF,"Harkless, Maurice",10.7,"4,300",lac,v bos, 107-104,24:59,   3pt 1rb 1as 2st 1to 1trey 1-3fg
2019-11-20,PF,"Gafford, Daniel",10.6,"4,000",chi,v det, 109-89,14:51,   2pt 3rb 2bl 1to 1-4fg
2019-11-20,PF,"Silva, Chris",9.8,"3,600",mia,v cle, 124-100,12:17,   2pt 9rb 3to 1-2fg 0-4ft
2019-11-20,PF,"Wilson, DJ",9.1,"3,500",mil,@ atl, 135-127,17:51,   2pt 3rb 1as 1bl 1to 1-3fg
2019-11-20,PF,"Tucker, PJ",8.2,"5,100",hou,@ den, 95-105,31:25,   5pt 1rb 1st 1to 1trey 2-5fg
2019-11-20,SF,"Knox, Kevin",7.4,"3,800",nyk,@ phi, 104-109,10:19,   3pt 2rb 2as 1to 1trey 1-1fg
2019-11-20,PF,"Aminu, Al",7,"3,800",orl,@ tor, 97-113,22:50,   3pt 5rb 2to 1trey 1-3fg 0-2ft
2019-11-20,PF,"Hartenstein, Isaiah",6.5,"3,500",hou,@ den, 95-105,4:21,   2pt 1as 1st 1-1fg
2019-11-20,PF,"Williams, Grant",5.4,"3,500",bos,@ lac, 104-107,20:24,   3pt 2rb 1-3fg 1-1ft
2019-11-20,SF,"Sefolosha, Thabo",5.1,"3,500",hou,@ den, 95-105,15:00,   0pt 3rb 1as 0-2fg
2019-11-20,PF,"Lyles, Trey",4.8,"3,600",sas,@ was, 132-138,6:52,   0pt 4rb 0-1fg
2019-11-20,PF,"Gordon, Aaron",4.4,"6,300",orl,@ tor, 97-113,12:14,   2pt 2rb 1-3fg
2019-11-20,PF,"Haslem, Udonis",4.2,"3,500",mia,v cle, 124-100,5:49,   3pt 1rb 3-4ft
2019-11-20,SF,"Brissett, Oshae",3,"3,500",tor,v orl, 113-97,1:26,   3pt 1trey 1-1fg
2019-11-20,SF,"Ojeleye, Semi",2.4,"3,500",bos,@ lac, 104-107,6:06,   0pt 2rb 0-2fg
2019-11-20,SF,"Carroll, DeMarre",2.4,"3,500",sas,@ was, 132-138,10:10,   0pt 2rb 0-2fg
2019-11-20,PF,"Niang, Georges",2.2,"3,500",uta,@ min, 103-95,4:39,   1pt 1rb 0-1fg 1-2ft
2019-11-20,SF,"Diop, Keita",2,"3,500",min,v uta, 95-103,4:06,   3pt 1to 1trey 1-1fg
2019-11-20,SF,"Frazier, Melvin",1.5,"3,500",orl,@ tor, 97-113,2:04,   0pt 1as
2019-11-20,PF,"Cook, Tyler",1,"3,500",cle,@ mia, 100-124,3:26,   2pt 1to 1-1fg
2019-11-20,PF,"Williams, Marvin",1,"3,900",cha,@ bkn, 91-101,24:24,   2pt 1to 1-7fg
2019-11-20,PF,"Hernandez, Dewan",0,"3,500",tor,v orl, 113-97,1:26,   0pt
2019-11-20,PF,"Wade, Dean",0,"3,500",cle,@ mia, 100-124,3:26,   0pt
2019-11-20,PF,"Miller, Malcolm",0,"3,500",tor,v orl, 113-97,1:26,   0pt
2019-11-20,SF,"Antetokounmpo, Thanasis",0,"3,500",mil,@ atl, 135-127,0,   
2019-11-20,PF,"Kurucs, Rodions",0,"3,500",bkn,v cha, 101-91,0,   
2019-11-20,PF,"Ilyasova, Ersan",0,"3,500",mil,@ atl, 135-127,0,   
2019-11-20,PF,"Vonleh, Noah",0,"3,600",min,v uta, 95-103,0,   
2019-11-20,PF,"Patterson, Patrick",0,"3,500",lac,v bos, 107-104,0,   
2019-11-20,SF,"Parsons, Chandler",0,"3,500",atl,v mil, 127-135,0,   
2019-11-20,PF,"Johnson, James",0,"4,000",mia,v cle, 124-100,0,   
2019-11-20,SF,"Valentine, Denzel",0,"3,500",chi,v det, 109-89,0,   
2019-11-20,SF,"Strus, Max",0,"3,500",chi,v det, 109-89,0,   
2019-11-20,PF,"Porter, Michael",0,"3,500",den,v hou, 105-95,0,   
2019-11-20,PF,"Claxton, Nicolas",0,"3,500",bkn,v cha, 101-91,0,   
2019-11-20,SF,"Johnson, Keldon",0,"3,500",sas,@ was, 132-138,0,   
2019-11-20,PF,"Green, Draymond",0,"6,900",gsw,@ dal, 94-142,0,   
2019-11-20,PF,"Bell, Jordan",0,"3,500",min,v uta, 95-103,0,   
2019-11-20,SF,"Bonga, Isaac",0,"3,500",was,v sas, 138-132,0,   
2019-11-20,SF,"Schofield, Admiral",0,"3,500",was,v sas, 138-132,0,   
2019-11-20,PF,"Kidd, Stanton",0,"3,500",uta,@ min, 103-95,0,   
2019-11-20,SF,"Jones, Derrick",0,"3,800",mia,v cle, 124-100,0,   
2019-11-20,SF,"Gilchrist, Michael",0,"3,500",cha,@ bkn, 91-101,0,   
2019-11-20,SF,"Kabengele, Mfiondu",0,"3,500",lac,v bos, 107-104,0,   
2019-11-20,SF,"King, Louis",0,"3,500",det,@ chi, 89-109,0,   
2019-11-20,SF,"Layman, Jake",0,"3,800",min,v uta, 95-103,0,   
2019-11-20,SF,"Vanderbilt, Jarred",0,"3,500",den,v hou, 105-95,0,   
2019-11-20,PF,"Bender, Dragan",0,"3,500",mil,@ atl, 135-127,0,   
2019-11-20,SF,"Porter, Otto",0,"5,100",chi,v det, 109-89,0,   
2019-11-20,PF,"Rabb, Ivan",0,"3,500",nyk,@ phi, 104-109,0,   
2019-11-20,PF,"Smailagic, Alen",0,"3,500",gsw,@ dal, 94-142,0,   
2019-11-20,PF,"Coffey, Amir",0,"3,500",lac,v bos, 107-104,0,   
2019-11-20,SF,"Johnson, Stanley",0,"3,500",tor,v orl, 113-97,0,   
2019-11-20,PF,"Samanic, Luka",0,"3,500",sas,@ was, 132-138,0,   
2019-11-20,SF,"Hayward, Gordon",0,"3,500",bos,@ lac, 104-107,0,   
2019-11-20,SF,"Johnson, BJ",0,"3,500",orl,@ tor, 97-113,0,   
2019-11-20,PF,"Jefferson, Amile",0,"3,500",orl,@ tor, 97-113,0,   
2019-11-20,SF,"Cancar, Vlatko",0,"3,500",den,v hou, 105-95,0,   
2019-11-20,PF,"Davis, Ed",0,"3,500",uta,@ min, 103-95,0,   
2019-11-20,PF,"Reid, Naz",0,"3,500",min,v uta, 95-103,0,   
2019-11-20,SF,"Brantley, Jarrell",0,"3,500",uta,@ min, 103-95,0,   
2019-11-20,SF,"Martin, Caleb",0,"3,500",cha,@ bkn, 91-101,0,   
2019-11-20,PF,"Clark, Gary",0,"3,500",hou,@ den, 95-105,0,   
2019-11-20,PF,"Pelle, Norvel",0,"3,500",phi,v nyk, 109-104,0,   
2019-11-20,PF,"Bolden, Jonah",0,"3,500",phi,v nyk, 109-104,0,   
2019-11-20,SF,"Franks, Robert",0,"3,500",cha,@ bkn, 91-101,0,   
2019-11-20,PF,"McDaniels, Jalen",0,"3,500",cha,@ bkn, 91-101,0,   
2019-11-20,SF,"Waiters, Dion",0,"3,700",mia,v cle, 124-100,0,   
2019-11-20,SF,"Gordon, Eric",0,"4,200",hou,@ den, 95-105,0,   
2019-11-20,PF,"Kornet, Luke",0,"3,500",chi,v det, 109-89,0,   
2019-11-20,PF,"Ibaka, Serge",0,"6,200",tor,v orl, 113-97,0,   
2019-11-20,SF,"Winslow, Justise",0,"6,400",mia,v cle, 124-100,0,   
2019-11-20,SF,"Chandler, Wilson",0,"3,500",bkn,v cha, 101-91,0,   
2019-11-20,PF,"Motley, Johnathan",0,"3,500",lac,v bos, 107-104,0,   
2019-11-20,SF,"Hutchison, Chandler",0,"3,600",chi,v det, 109-89,0,   
2019-11-20,SF,"Green, Gerald",0,"3,500",hou,@ den, 95-105,0,   
2019-11-20,PF,"Henson, John",0,"3,600",cle,@ mia, 100-124,0,   
2019-11-20,PF,"Ellenson, Henry",0,"3,500",bkn,v cha, 101-91,0,   
2019-11-20,PF,"Collins, John",0,"3,500",atl,v mil, 127-135,0,   
2019-11-20,PF,"Roby, Isaiah",0,"3,500",dal,v gsw, 142-94,0,   
2019-11-20,SF,"Brazdeikis, Ignas",0,"3,500",nyk,@ phi, 104-109,0,   
2019-11-20,SF,"Okpala, KZ",0,"3,500",mia,v cle, 124-100,0,   
2019-11-20,PF,"Doumbouya, Sekou",0,"3,500",det,@ chi, 89-109,0,   
2019-11-20,C,"Embiid, Joel",47.9,"10,100",phi,v nyk, 109-104,33:39,   23pt 12rb 5as 2bl 3to 1trey 7-19fg 8-12ft
2019-11-20,C,"Gobert, Rudy",43.5,"8,200",uta,@ min, 103-95,35:20,   12pt 15rb 1as 5bl 3to 5-8fg 2-3ft
2019-11-20,C,"Drummond, Andre",40.8,"9,400",det,@ chi, 89-109,33:30,   6pt 14rb 4as 2st 3bl 3to 3-10fg
2019-11-20,C,"Jokic, Nikola",40.4,"9,000",den,v hou, 105-95,32:26,   27pt 12rb 4as 7to 2trey 12-19fg 1-1ft
2019-11-20,C,"Jr, Wendell",36.5,"6,600",chi,v det, 109-89,33:03,   12pt 15rb 1as 1st 1bl 1to 3-7fg 6-8ft
2019-11-20,C,"Capela, Clint",36.2,"9,300",hou,@ den, 95-105,34:46,   12pt 21rb 1st 4to 6-9fg
2019-11-20,C,"Lopez, Brook",31.5,"6,200",mil,@ atl, 135-127,24:19,   12pt 5rb 1as 2st 2bl 2trey 3-8fg 4-4ft
2019-11-20,C,"Poeltl, Jakob",31,"3,900",sas,@ was, 132-138,26:21,   11pt 5rb 2as 1st 3bl 1to 5-7fg 1-3ft
2019-11-20,C,"Towns, Karl",29.9,"10,800",min,v uta, 95-103,32:49,   14pt 12rb 1as 1bl 3to 4trey 5-10fg
2019-11-20,C,"Harrell, Montrezl",27.7,"7,600",lac,v bos, 107-104,31:29,   6pt 6rb 3as 2st 2bl 2to 3-8fg
2019-11-20,C,"Biyombo, Bismack",25.9,"3,800",cha,@ bkn, 91-101,16:50,   10pt 7rb 1as 1st 1bl 2-4fg 6-6ft
2019-11-20,C,"Gasol, Marc",25.7,"5,800",tor,v orl, 113-97,29:08,   5pt 6rb 5as 1st 1bl 1trey 2-4fg
2019-11-20,C,"Bryant, Thomas",24,"6,600",was,v sas, 138-132,22:27,   11pt 5rb 6as 2to 1trey 5-7fg
2019-11-20,C,"Dieng, Gorgui",23.1,"3,700",min,v uta, 95-103,15:11,   1pt 8rb 1as 1st 3bl 1to 0-3fg 1-2ft
2019-11-20,C,"Jordan, DeAndre",22.4,"5,600",bkn,v cha, 101-91,20:26,   14pt 7rb 5-5fg 4-4ft
2019-11-20,C,"Stein, Willie",22.3,"5,900",gsw,@ dal, 94-142,25:29,   7pt 4rb 1as 2st 1bl 3-7fg 1-2ft
2019-11-20,C,"Olynyk, Kelly",22.2,"5,000",mia,v cle, 124-100,24:29,   10pt 6rb 2as 1st 1to 2trey 3-7fg 2-2ft
2019-11-20,C,"Wagner, Moritz",21.7,"4,500",was,v sas, 138-132,25:33,   13pt 6rb 3as 3to 3trey 5-8fg
2019-11-20,C,"Zubac, Ivica",19.9,"4,500",lac,v bos, 107-104,21:31,   5pt 7rb 1as 2bl 1to 1-3fg 3-6ft
2019-11-20,C,"Vucevic, Nikola",19.5,"8,500",orl,@ tor, 97-113,10:50,   3pt 5rb 5as 1bl 1trey 1-7fg
2019-11-20,C,"Jones, Damian",19.1,"4,200",atl,v mil, 127-135,19:56,   8pt 8rb 1as 3-6fg 2-2ft
2019-11-20,C,"Powell, Dwight",19.1,"5,000",dal,v gsw, 142-94,24:46,   6pt 3rb 1as 2st 1bl 1to 3-4fg
2019-11-20,C,"Kanter, Enes",17.2,"4,100",bos,@ lac, 104-107,12:16,   8pt 6rb 1st 1to 4-6fg
2019-11-20,C,"Robinson, Mitchell",15.4,"6,500",nyk,@ phi, 104-109,13:15,   4pt 2rb 3bl 2-2fg
2019-11-20,C,"Marjanovic, Boban",15.2,"3,600",dal,v gsw, 142-94,19:31,   10pt 6rb 2to 4-6fg 2-2ft
2019-11-20,C,"Bamba, Mohamed",13.6,"3,500",orl,@ tor, 97-113,15:36,   3pt 3rb 2as 2bl 2to 1-3fg 1-2ft
2019-11-20,C,"Zeller, Cody",13.4,"5,900",cha,@ bkn, 91-101,15:17,   5pt 7rb 2as 3to 1trey 2-5fg 0-2ft
2019-11-20,C,"Lopez, Robin",11.8,"3,500",mil,@ atl, 135-127,19:49,   9pt 4rb 2to 1trey 4-5fg
2019-11-20,C,"Portis, Bobby",11.4,"4,300",nyk,@ phi, 104-109,23:48,   7pt 2rb 1st 1to 1trey 3-6fg
2019-11-20,C,"Plumlee, Mason",9.7,"4,200",den,v hou, 105-95,15:34,   4pt 1rb 3as 1-4fg 2-2ft
2019-11-20,C,"Zizic, Ante",8.6,"3,500",cle,@ mia, 100-124,14:47,   6pt 3rb 1to 2-3fg 2-2ft
2019-11-20,C,"Williams, Robert",7.9,"3,600",bos,@ lac, 104-107,9:23,   4pt 2rb 1as 2-2fg
2019-11-20,C,"Chandler, Tyson",6.6,"4,000",hou,@ den, 95-105,8:53,   2pt 3rb 1bl 2to 1-1fg
2019-11-20,C,"Maker, Thon",4.2,"3,600",det,@ chi, 89-109,5:31,   0pt 1rb 2as
2019-11-20,C,"Leonard, Meyers",4,"3,700",mia,v cle, 124-100,18:17,   0pt 5rb 2to
2019-11-20,C,"Len, Alex",3.1,"3,900",atl,v mil, 127-135,8:33,   0pt 3rb 1as 2to 0-4fg
2019-11-20,C,"Metu, Chimezie",0,"3,500",sas,@ was, 132-138,0,   
2019-11-20,C,"Bradley, Tony",0,"3,500",uta,@ min, 103-95,0,   
2019-11-20,C,"Poirier, Vincent",0,"3,500",bos,@ lac, 104-107,0,   
2019-11-20,C,"Hernangomez, Guillermo",0,"3,500",cha,@ bkn, 91-101,0,   
2019-11-20,C,"Quinn, Kyle",0,"3,500",phi,v nyk, 109-104,0,   
2019-11-20,C,"Eubanks, Drew",0,"3,500",sas,@ was, 132-138,0,   
2019-11-20,C,"Felicio, Cristiano",0,"3,500",chi,v det, 109-89,0,   
2019-11-20,C,"Mahinmi, Ian",0,"3,500",was,v sas, 138-132,0,   
2019-11-20,C,"Fall, Tacko",0,"3,500",bos,@ lac, 104-107,0,   
2019-11-20,C,"Thompson, Tristan",0,"6,900",cle,@ mia, 100-124,0,   
2019-11-20,C,"Looney, Kevon",0,"5,600",gsw,@ dal, 94-142,0,   
2019-11-20,C,"Hilario, Nene",0,"3,500",hou,@ den, 95-105,0,   
2019-11-20,C,"Bol, Bol",0,"3,500",den,v hou, 105-95,0,   
